INSERT INTO users(id, email, full_name, password, username)
VALUES
    (1, '111@12.bg', 'Admin Adminov', '6cf1643832d3199650e5b751fd97473490bc6dd4aa9343d9bfa23ba9ceb2e24d71360d42d571a2cabdbcec584bbda490', 'admin'),
    (2, '12@11.bg', 'User Userov', '6cf1643832d3199650e5b751fd97473490bc6dd4aa9343d9bfa23ba9ceb2e24d71360d42d571a2cabdbcec584bbda490', 'user'),
    (3, '11@111', 'Teacher Teacher', '6cf1643832d3199650e5b751fd97473490bc6dd4aa9343d9bfa23ba9ceb2e24d71360d42d571a2cabdbcec584bbda490', 'teacher'),
    (4, '11@111', 'Teacher Teacher', '6cf1643832d3199650e5b751fd97473490bc6dd4aa9343d9bfa23ba9ceb2e24d71360d42d571a2cabdbcec584bbda490', 'teacher1'),
    (5, '11@111', 'Teacher Teacher', '6cf1643832d3199650e5b751fd97473490bc6dd4aa9343d9bfa23ba9ceb2e24d71360d42d571a2cabdbcec584bbda490', 'teacher2'),
    (6, '11@111', 'Teacher Teacher', '6cf1643832d3199650e5b751fd97473490bc6dd4aa9343d9bfa23ba9ceb2e24d71360d42d571a2cabdbcec584bbda490', 'teacher3');

INSERT INTO roles(id, role_type)
VALUES
    (1, 'User'),
    (2, 'Admin'),
    (3, 'Lecturer');


INSERT INTO users_roles(user_id, roles_id)
VALUES
    (2, 1),
    (1, 2);


INSERT INTO forums(id, created, description, title)
VALUES
    (1, NOW(), 'Този форум е за AI и смятате ли, че той ще промени света? Напишете вашите коментари по-долу!', 'Бъдещето на изкуствения интилект'),
    (2, NOW(), 'Този форум е за езици за програмиране. Кой език е най-популярен? Напишете вашите коментари по-долу!', 'Най-известните програмни езика'),
    (3, NOW(), 'Този форум е за самообучение. Мислите ли, че човек може да се научи без чужда помощ? Напишете вашите коментари по-долу!', 'Самообучение-полезно или не?'),
    (4, NOW(), 'Този форум е за роботите. Ще ни контролират ли в бъдеще? Напишете вашите коментари по-долу!', 'Непредсказуемото бъдеще');

INSERT INTO comments(id, created, description, forum_id, user_id)
VALUES
    (1, NOW(), 'Е, мисля, че това ще промени света, но трябва да внимаваме с AI, защото може да причини повече вреда, отколкото да помогне', 1, 1),
    (2, NOW(), 'Най-популярните езици са Java, JavaScript и Python. Въпреки че C++ и TypeScript са много интересни езици, но не са в ТОП 5 :)', 2, 2),
    (3, NOW(), 'Зависи от човека. Някой не може да учи сам, но някои могат. Лично аз не мога да уча сам.', 3, 1),
    (4, NOW(), 'Роботите са много непредвидими. Повечето от тях са полезни, но всичко може да се обърка, така че трябва да сме внимателни с тях.', 4, 2);

INSERT INTO courses(id, age_limit, description, end, start, title, lecturer_id)
VALUES
    (1, 'SixToEight', 'Този курс е за деца от първи и втори клас. В този курс те се учат как да правят прости роботи.', '2024-03-22','2024-02-01', 'Въведение', 3),
    (2, 'SixToEight', 'Учениците надграждат това, което са научили. В този курс те правят роботи като животни и научават по-трудни механизми', '2024-04-24', '2024-03-03', 'По-сложни механизми', 3),
    (3, 'NineToTwelve', 'Децата в курса конструират своите роботи с MONO (програма, предназначена за деца от 9 до 12 години). Научават интересни факти за природата.','2024-05-01','2024-03-18', 'МОНО роботи', 4),
    (4, 'NineToTwelve', 'Този курс е за конструиране на роботи-помощници. Учениците трябва да направят робот, който да им помага с различни задължения като чистене, прахосмукачка и помощ с домашните', '2024-05-16', '2024-03-18', 'Роботи-Помощници', 5),
    (5, 'ThirteenToFifteen', 'Този курс е предназначен за ученици, които никога не са работили с роботика. Тук те вече учат по-сложни функции. Тук те научават основни стъпки в програмирането с Python.', '2024-06-22', '2024-04-10', 'Първи стъпки в Python и по-сложни роботи', 6),
    (6, 'ThirteenToFifteen', 'Курсът надгражда наученото и студентите правят роботи, в които е внедрен изкуствен интелект. Роботите могат да говорят и "мислят"', '2024-06-12', '2024-04-02', 'Роботи с изкуствен интелект', 6),
    (7, 'SixteenToEighteen', 'Учениците тук учат много по-трудни програми и правят роботи, които приличат на хора. Роботите могат да правят всичко, което човек може да прави, като например ходене, говорене, ходене на работа и т.н.', '2024-05-29', '2024-03-09', 'Роботи като хора', 5),
    (8, 'SixteenToEighteen', 'Роботите, които правят учениците, са по-сложни. Тук те се учат как да направят роботи, които да летят и да отидат в космоса. Също така в няколко лекции НАСА показва как се правят ракети.', '2024-05-29', '2024-03-09', 'Роботи в Космоса', 5);
INSERT INTO reviews(id,name, description, user_id)
VALUES
    (1,'Monika A.','РобоСвят е най-доброто попадение днес!Научих много за роботиката и се забавлявах! Препоръчвам!', 1),
    (2, 'David D.', 'От както се регистрирах виждането ми към Роботиката се промени коренно. Не се чудете, регистрирайте се!', 2),
    (3, 'ELena O.', 'Най-доброто приложение, което съм срещал! Най-много ми хареса форумите, където всеки може да си каже мнението.', 3),
    (4, 'Polly I.', 'Курсовете в РобоСвят са направени по лесен и разбираем начин за децата! Вкючете се и вие!', 4);

INSERT INTO lectures(id,ended, started, title, course_id)
VALUES
    (1, '2024-02-03 12:00', '2024-02-02 10:00', 'Въведениев', 1),
    (2, '2024-02-09 12:00', '2024-02-09 10:00', 'Хайде да играем с РОБО', 1),
    (3, '2024-02-15 12:00', '2024-02-15 10:00', 'ЛЕГО робот', 1),
    (4, '2024-02-22 12:00', '2024-02-22 10:00', 'Първи и втори клас Математика', 1),
    (5, '2024-02-28 12:00', '2024-02-28 10:00', 'Еко робот', 1),
    (6, '2024-03-05 12:00', '2024-03-05 10:00', 'Запознайте се с Лила Роботът', 1),
    (7, '2024-03-11 12:00', '2024-03-11 10:00', 'Е-Рисуване', 1),
    (8, '2024-03-05 14:00', '2024-03-05 12:00', 'По-сложни ЛЕГО роботи', 2),
    (9, '2024-03-12 14:00', '2024-03-12 12:00', 'Надграждаща Математика за малките', 2),
    (10, '2024-03-20 14:00', '2024-03-20 12:00', 'Робо-Животно', 2),
    (11, '2024-03-25 14:00', '2024-03-25 12:00', 'Робо-Животно 2.0', 2),
    (12, '2024-04-02 12:00', '2024-04-02 10:00', 'Кажете здравей на Томи', 2),
    (13, '2024-04-10 13:00', '2024-04-010 11:00', 'Образователен филм', 2),
    (14, '2024-04-20 12:00', '2024-04-20 10:00', 'Показване на Робо-Животните', 2),
    (15, '2024-03-20 15:00', '2024-03-20 13:00', 'Въведение на МОНО', 3),
    (16, '2024-03-25 15:00', '2024-03-25 13:00', 'Разходка в природата', 3),
    (17, '2024-04-01 15:00', '2024-04-01 13:00', 'Математика в природата', 3),
    (18, '2024-04-07 15:00', '2024-04-07 13:00', 'По-сложни механизми', 3),
    (19, '2024-04-15 15:00', '2024-04-15 13:00', 'МОНО проект', 3),
    (20, '2024-04-20 15:00', '2024-04-20 13:00', 'МОНО проект 2.0', 3),
    (21, '2024-04-27 15:00', '2024-04-27 13:00', 'Финак МОНО проект', 3),
    (22, '2024-03-20 13:00', '2024-03-20 10:30', 'Направете вашата работа по-лесна', 4),
    (23, '2024-03-27 13:00', '2024-03-27 10:30', 'Гари-твоят най-добър помощник', 4),
    (24, '2024-04-04 13:00', '2024-04-04 10:30', 'Образователен филм', 4),
    (25, '2024-04-11 13:00', '2024-04-11 10:30', 'Как да си направиш твоя помощник', 4),
    (26, '2024-04-17 13:00', '2024-04-17 10:30', 'Как да си направиш твоя помощник 2.0', 4),
    (27, '2024-04-25 13:00', '2024-04-25 10:30', 'Упаражнение', 4),
    (28, '2024-05-05 13:00', '2024-05-05 10:30', 'Показване на ващите роботи', 4),
    (29, '2024-04-11 14:00', '2024-04-11 11:00', 'Какво е програмирането?', 5),
    (30, '2024-04-17 14:00', '2024-04-17 11:00', 'Въведение на Python', 5),
    (31, '2024-04-24 14:00', '2024-04-24 11:00', 'Основни алгоритми', 5),
    (32, '2024-04-30 14:00', '2024-04-30 11:00', 'Защо се нуждаем да програмираме?', 5),
    (33, '2024-05-06 14:00', '2024-05-06 11:00', 'Python и Роботиката', 5),
    (34, '2024-05-12 14:00', '2024-05-12 11:00', 'Упражнение', 5),
    (35, '2024-05-18 14:00', '2024-05-18 11:00', 'Тийн математика', 5),
    (36, '2024-05-28 14:00', '2024-05-28 11:00', 'Практически изпит', 5),
    (37, '2024-04-05 16:00', '2024-04-05 13:00', 'Дарси-AI роботът', 6),
    (38, '2024-04-12 16:00', '2024-04-12 13:00', 'Какво е изкуствен интелект?', 6),
    (39, '2024-04-20 16:00', '2024-04-20 13:00', 'Изкуствения интелект и роботите', 6),
    (40, '2024-04-25 16:00', '2024-04-25 13:00', 'Основни AI алгоритми', 6),
    (41, '2024-05-02 16:00', '2024-05-02 13:00', 'AI алгоритми 2.0', 6),
    (42, '2024-05-08 16:00', '2024-05-08 13:00', 'Упражнение', 6),
    (43, '2024-05-17 16:00', '2024-04-17 13:00', 'Изкуствения интелект в света', 6),
    (44, '2024-05-28 16:00', '2024-05-28 13:00', 'Изпит', 6),
    (45, '2024-03-11 17:00', '2024-03-11 14:00', 'Какво е H-Robo', 7),
    (46, '2024-03-18 17:00', '2024-03-18 14:00', 'Математика в гимназия', 7),
    (47, '2024-03-25 17:00', '2024-03-25 14:00', 'Математически задачи', 7),
    (48, '2024-04-01 17:00', '2024-04-01 14:00', 'H-Robo проект', 7),
    (49, '2024-04-08 17:00', '2024-04-08 14:00', 'По-сложни AI алгоритми', 7),
    (50, '2024-04-16 17:00', '2024-04-16 14:00', 'AI в H-Robo', 7),
    (51, '2024-04-23 17:00', '2024-04-23 14:00', 'Упражнения 2.0', 7),
    (52, '2024-05-01 17:00', '2024-05-01 14:00', 'Срешнете се с Джордж-основател', 7),
    (53, '2024-05-08 17:00', '2024-05-08 14:00', 'Изпит', 7),
    (54, '2024-03-10 13:00', '2024-03-10 10:00', 'РОБОТЪТ', 8),
    (55, '2024-03-16 13:00', '2024-03-16 10:00', 'Летящ робот?Как да го нраправим?', 8),
    (56, '2024-03-22 13:00', '2024-03-22 10:00', 'Среща с NASA', 8),
    (57, '2024-03-29 13:00', '2024-03-29 10:00', 'NASA проект', 8),
    (58, '2024-04-05 13:00', '2024-04-05 10:00', 'Упражнение', 8),
    (59, '2024-04-13 13:00', '2024-04-13 10:00', 'Робот в Космоса.Механизми', 8),
    (60, '2024-04-20 13:00', '2024-04-20 10:00', 'Упражнение', 8),
    (61, '2024-04-28 13:00', '2024-04-28 10:00', 'NASA проект 2.0', 8),
    (62, '2024-05-10 14:00', '2024-05-10 10:00', 'ФИНАЛЕН ИЗПИТ', 8);





































































